"country","group","Distribution of vaccine doses","Distribution of population","Distribution of 60+ population","Full vaccinations per 100 people","Full vaccinations per 100 people 60+"
"World","Global snapshot",1,1,1,0.000311714133661169,0.00231943462727849
"High-income countries","Global snapshot",0.647435991660092,0.158176350513049,0.291140541267311,0.00127588573504695,0.00515794005007373
"Developing world","Global snapshot",0.352564008339908,0.841823649486951,0.708859458732689,0.000130548939183119,0.00115361255210965
"High-income countries","Full income classification",0.647435991660092,0.158176350513049,0.291140541267311,0.00127588573504695,0.00515794005007373
"Upper-middle-income countries","Full income classification",0.352564008339908,0.375391637590964,0.426394944586367,0.000292758744241214,0.00191782097714353
"Lower-middle-income countries","Full income classification",0,0.381207569372343,0.252165645467991,0,0
"Low-income countries","Full income classification",0,0.0852244425236434,0.030298868678332,0,0
